
USE BUDT758_DB_0504_11

INSERT INTO [CPAnalytica.Amenities] VALUES
('A01','Takeout'),
('A02','Seating'),
('A03','Wheelchair Accessible'),
('A04','Television'),
('A05','Serves Alcohol'),
('A06','Reservations'),
('A07','Table Service'),
('A08','Parking'),
('A09','Delivery'),
('A10','Outdoor Seating'),
('A11','Wifi'),
('A12','Live Music'),
('A13','Private Dining')

INSERT INTO [CPAnalytica.FoodItems] VALUES
('F0017','Bruschetta','40'),
('F0138','Seaweed Salad','63'),
('F0028','Chicken Bun','85'),
('F0052','Corn On The Cob','90'),
('F0076','Guacamole Dip','90'),
('F0003','Bacon Strips','150'),
('F0154','Steamed Rice','190'),
('F0064','Eggs','200'),
('F0150','Spring Roll','212'),
('F0146','Spanokopita','223'),
('F0062','Dumpling Soup','240'),
('F0142','Shrimp Toast','250'),
('F0022','Camarones Brochette','252'),
('F0178','Veggie Dumplings','252'),
('F0111','Papaya Salad','260'),
('F0158','Super Greens','260'),
('F0081','Hash Brown','262'),
('F0053','Crab Cake','266'),
('F0048','Cinnamon Bun','267'),
('F0162','Takoyaki','270'),
('F0123','Portugese Rice','283'),
('F0025','Cheese Omelette','290'),
('F0019','Buttered Noodles','290'),
('F0141','Shrimp Sandwich','290'),
('F0072','Fried Rice','300'),
('F0002','Bacon And Eggs','300'),
('F0128','Pumpkin Pie','310'),
('F0127','Pretzels','310'),
('F0139','Shrimp Bikini','310'),
('F0075','Grilled Chicken','312'),
('F0173','Veg Sub','320'),
('F0159','Sushi Roll','325'),
('F0175','Vegetarian Cream Cheese Bagel','325'),
('F0033','Chicken Nuggets','326'),
('F0012','Berry Berry Berry Good Ice-Cream','329'),
('F0165','Thai Salad','335'),
('F0046','Chocolate Ice-Cream','340'),
('F0014','Blueberry Cream Cheese Bagel','347'),
('F0045','Chocolate Chip Ice-Cream','350'),
('F0001','Alfredo Chicken','350'),
('F0035','Chicken Roll','350'),
('F0020','Caesar Salad','350'),
('F0082','Honey Walnut Shrimp','350'),
('F0156','Strawberry Cream Cheese Bagel','350'),
('F0056','Cranberry-Raspberry Salad','350'),
('F0059','Crispy Wontons','370'),
('F0005','BBQ Chicken With Rice','376'),
('F0174','Vegetable Roll','380'),
('F0115','Pho Chicken','400'),
('F0071','French Fries','400'),
('F0036','Chicken Salad','405'),
('F0038','Chicken Skewers','410'),
('F0170','Tyropita','410'),
('F0023','Cauliflower Salad','415'),
('F0130','Quarter Pounder','417'),
('F0051','Cookie Dough Ice-Cream','419'),
('F0125','Potato Wedges','420'),
('F0148','Spicy Peanut Saute','420'),
('F0147','Spicy Chicken With Rice','424'),
('F0102','Mushroom Chicken','430'),
('F0067','Fear the Turtle Ice-Cream','436'),
('F0057','Cream Cheese Bagel','436'),
('F0007','Beef In Spicy Sauce','450'),
('F0037','Chicken Satay','450'),
('F0104','Onigiri','450'),
('F0040','Chicken Teriyaki','450'),
('F0074','Green Curry','450'),
('F0088','Kung Po Scallop','450'),
('F0058','Crispy Tofu With Garlic And Spicy Sauce','450'),
('F0091','Lox Cream Cheese Bagel','450'),
('F0117','Pho Noodles','450'),
('F0168','Tuna Bowl','450'),
('F0169','Turkey Sub','450'),
('F0049','Coffee Ice-Cream','451'),
('F0027','Chicken Breast Sandwich','454'),
('F0016','Bolognese Pasta','456'),
('F0042','Chicken Wrap','460'),
('F0177','Vegetarian Quesidilla','464'),
('F0133','Risotto','467'),
('F0119','Plato Azteca','480'),
('F0073','Fried Squid With Spiced Salt And Basil','490'),
('F0083','Hot Dog','490'),
('F0078','Habanero Chicken','492'),
('F0105','Onion Rings','498'),
('F0018','Buffalo Chicken','500'),
('F0063','Egg Burger','500'),
('F0084','House Special Ramen','500'),
('F0013','Blue Cheese Salad','500'),
('F0047','Chow Mein','510'),
('F0011','Beef Teriyaki','512'),
('F0112','Peanut Butter Ice-Cream','512'),
('F0135','Rocky Road Ice-Cream','517'),
('F0131','Red Curry','520'),
('F0118','Fried Dumplings','520'),
('F0140','Shrimp Malatang','521'),
('F0153','Steak Wrap','530'),
('F0094','Massaman Curry','532'),
('F0029','Chicken Burger','535'),
('F0143','Shrimp With Lobster Sauce On Rice','539'),
('F0031','Chicken Noodle Soup','540'),
('F0066','Fajitas','540'),
('F0026','Cheesecake Fantasy','550'),
('F0116','Pho Meatballs','550'),
('F0160','Swedish Apple Cake','550'),
('F0043','Chimichanga','553'),
('F0030','Chicken Fingers','559'),
('F0006','Beef Burger','559'),
('F0054','Crab Pretzel','560'),
('F0108','Pad Thai','560'),
('F0050','Combo Box','560'),
('F0065','Fajita Steak','560'),
('F0092','Macaroni And Cheese','560'),
('F0103','Nachos','560'),
('F0149','Spicy Pork Lo Mein','560'),
('F0152','Steak Sub','560'),
('F0021','Cajun Chicken','570'),
('F0055','Crab Quesadilla','570'),
('F0129','Pupusa','570'),
('F0164','Thai Chicken Noodle Soup','575'),
('F0097','Meat Sub','580'),
('F0070','Fish Fingers','592'),
('F0087','Kung Pao Chicken','592'),
('F0032','Chicken Noodles','600'),
('F0010','Beef Ramen','600'),
('F0110','Pancake','600'),
('F0015','Blueberry Pancake','600'),
('F0109','Panang Curry','600'),
('F0107','Oreo Ice-Cream','610'),
('F0024','Cheese Burger','610'),
('F0039','Chicken Sub','610'),
('F0086','Japanese Pan Noodles','610'),
('F0090','Lo Mein','615'),
('F0172','Veg Gyro','620'),
('F0163','Tamales de Pollo','625'),
('F0166','Tomato Shrimp On Rice','625'),
('F0137','Salmon Lasagna','630'),
('F0008','Beef Noodle Soup','632'),
('F0122','Portobello Halloumi Wrap','632'),
('F0121','Pork Chop With Ground Pork On Rice','640'),
('F0085','Hunan Chicken','650'),
('F0095','Meat Gyro','650'),
('F0099','Mozzarella Caprese','650'),
('F0101','Mozzarella Sticks','650'),
('F0151','Steak Stroganoff Noodles','650'),
('F0157','Strawberry Ice-Cream','650'),
('F0161','Swedish Meatball','650'),
('F0176','Vegetarian Pizza','650'),
('F0009','Beef Noodles','664'),
('F0145','Spaghetti','670'),
('F0068','Filet-o-Fish Burger','670'),
('F0098','Meatball Sub','680'),
('F0044','Chocochip Pancake','690'),
('F0004','Barbeque Chicken Pizza','694'),
('F0080','Harvest Bowl','695'),
('F0041','Chicken Wings','700'),
('F0061','Drunken Noodle','700'),
('F0106','Orange Chicken','700'),
('F0089','Lasagna Pizza','740'),
('F0113','Pepperoni Pizza','740'),
('F0069','Fish And Chips','750'),
('F0167','Triple Delight','750'),
('F0093','Margherita Pizza','760'),
('F0096','Meat Lovers Pizza','760'),
('F0120','Pork Belly With Hot Pepper','760'),
('F0060','Deep Fried Pickles','780'),
('F0079','Hamburger','780'),
('F0179','Waffles','790'),
('F0034','Chicken Quesadilla','796'),
('F0114','Peri-Peri Chicken Wings','806'),
('F0171','Vanilla Ice-Cream','820'),
('F0132','Ribeye Steak','847'),
('F0144','Sirloin Steak','850'),
('F0124','Portugese Roll','868'),
('F0136','Rueben','900'),
('F0134','Roast Duck Ramen','1240')


INSERT INTO [CPAnalytica.Cuisine] VALUES
('C001','American'),
('C002','Chinese'),
('C003','Dessert'),
('C004','Italian'),
('C005','Japanese'),
('C006','Meditarranean'),
('C007','Mexican'),
('C008','Portugese'),
('C009','Swedish'),
('C010','Taiwanese'),
('C011','Thai'),
('C012','Vietnamese')

INSERT INTO [CPAnalytica.Restaurant] VALUES
('R0001','IKEA Restaurant','(301) 345-6552','$','10100, Baltimore Ave, College Park, MD','20740','39.021726','-76.927984','39','59','28','5','0'),
('R0002','Hanami','(301) 982-9899','$$$','8145 Baltimore Ave #M, College Park, MD','20740','38.991845','-76.93265','39','20','16','2','0'),
('R0003','Hard times Cafe','(301) 474-8880','$$$','4738 Cherry Hill Rd, College Park, MD','20740','39.016314','-76.928132','23','50','20','3','5'),
('R0004','College Park Diner','(301) 441-8888','$','9206 Baltimore Ave, College Park, MD','20740','39.006626','-76.930223','43','56','16','8','9'),
('R0005','Looneys','(301) 617-3593','$$$','8150 Baltimore Ave, College Park, MD','20740','38.991066','-76.93434','26','29','41','13','8'),
('R0006','Pho DLite','(301) 982-5599','$','8147 Baltimore Ave, College Park, MD','20740','38.991788','-76.93293','39','23','10','5','2'),
('R0007','Blaze Pizza','(301) 392-2324','$','7419 Baltimore Ave, College Park, MD','20740','38.982048','-76.937373','17','19','4','0','1'),
('R0008','Marathon Deli','(301) 927-6717','$','3127, 4429 Lehigh Rd, College Park, MD','20740','38.981845','-76.938519','20','11','0','3','0'),
('R0009','Azteca Restaurant and Cantina','(301) 474-8226','$$','9505 Baltimore Ave, College Park, MD','20740','39.009511','-76.928826','31','23','17','3','4'),
('R0010','Dennys','(301) 798-5699','$','8424 Baltimore Ave, College Park, MD','20740','39.000789','-76.933163','10','8','9','0','1'),
('R0011','Potbelly','(301) 209-0635','$','7422 Baltimore Ave, College Park, MD','20740','38.981823','-76.938145','7','11','1','0','0'),
('R0012','Nandos Peri Peri','(240) 582-8420','$$','7400 Baltimore Ave, College Park, MD','20740','38.994207','-76.936488','5','8','4','0','0'),
('R0013','Cornerstone','(301) 779-7044','$$$','7325 Baltimore Ave, College Park, MD','20740','38.980881','-76.937606','2','4','5','2','0'),
('R0014','R J Bentleys','(301) 277-8898','$$$','7323 Baltimore Ave, College Park, MD','20740','38.980723','-76.937546','9','6','3','4','4'),
('R0015','Buffalo Wild Wings','(301) 486-0333','$$','10240 Baltimore Ave, College Park, MD','20740','39.031258','-76.929772','6','14','13','6','5'),
('R0017','Bagels and Grinds','(240) 582-5475','$','7777 Baltimore Ave suite a, College Park, MD','20740','38.9871','-76.935779','10','13','5','3','1'),
('R0018','Cold Stone Creamery','(301) 277-2229','$$','7314 Baltimore Ave, College Park, MD','20740','38.98728','-76.936657','4','6','3','1','0'),
('R0019','UMD Dairy','(301) 405-1415','$','3972 Campus Dr, College Park, MD','20742','38.988394','-76.944623','1','0','0','0','0'),
('R0020','Pho Thom','(240) 582-7530','$$','7313 Baltimore Ave F, College Park, MD','20740','38.980233','-76.937719','12','13','4','0','1'),
('R0021','McDonalds','(240) 965-5645','$','8301 Baltimore Washington Blvd, College Park, MD','20740','38.992985','-76.93304','2','1','1','2','0'),
('R0023','Noodles and Company','(301) 779-5300','$','7320 Baltimore Ave, College Park, MD','20740','38.980652','-76.939047','7','13','11','2','1'),
('R0024','Mamma Lucias','(301) 513-0605','$$$','4734 Cherry Hill Rd, College Park, MD','20740','39.016411','-76.928276','37','42','28','8','6'),
('R0025','Jumbo Jumbo','(240) 770-4443','$','3711 Campus Dr, College Park, MD','20740','38.984739','-76.949427','0','0','1','0','0'),
('R0026','Sweet Green Salad','(240) 770-4443','$','8300 Baltimore Ave, College Park, MD','20740','39.002355','-76.933794','4','6','1','0','0'),
('R0027','IHOP','(301) 982-7400','$','9680 Baltimore Ave, College Park, MD','20740','39.014387','-76.928385','6','23','37','11','15'),
('R0028','Shanghai Cafe','(301) 517-7807','$','7409 Baltimore Ave, College Park, MD','20740','38.981379','-76.937713','1','5','4','0','0'),
('R0029','IVY noodles','(240) 582-7230','$','7313 Baltimore Ave G, College Park, MD','20740','38.980246','-76.937747','4','3','2','0','0'),
('R0030','Panda Express','(301) 209-7501','$','7316 Baltimore Ave, College Park, MD','20740','38.980736','-76.938851','1','1','1','1','0'),
('R0031','Aroy Thai','(301) 864-5550','$','4511 College Ave, College Park, MD','20740','38.982005','-76.937053','7','17','3','2','0')

INSERT INTO [CPAnalytica.Provide] VALUES
('R0001','A01'),
('R0001','A02'),
('R0001','A03'),
('R0002','A01'),
('R0002','A02'),
('R0002','A03'),
('R0003','A04'),
('R0003','A01'),
('R0003','A02'),
('R0003','A03'),
('R0003','A05'),
('R0003','A06'),
('R0003','A07'),
('R0003','A08'),
('R0004','A01'),
('R0004','A02'),
('R0004','A03'),
('R0004','A07'),
('R0004','A08'),
('R0005','A07'),
('R0005','A04'),
('R0005','A01'),
('R0005','A02'),
('R0005','A03'),
('R0005','A05'),
('R0006','A03'),
('R0006','A08'),
('R0006','A01'),
('R0006','A02'),
('R0006','A07'),
('R0007','A06'),
('R0007','A03'),
('R0007','A01'),
('R0007','A02'),
('R0008','A06'),
('R0008','A03'),
('R0008','A01'),
('R0008','A02'),
('R0009','A12'),
('R0009','A08'),
('R0009','A01'),
('R0009','A02'),
('R0009','A03'),
('R0009','A05'),
('R0009','A06'),
('R0009','A04'),
('R0009','A07'),
('R0010','A07'),
('R0010','A01'),
('R0010','A02'),
('R0010','A03'),
('R0010','A06'),
('R0011','A09'),
('R0011','A01'),
('R0011','A02'),
('R0011','A03'),
('R0012','A01'),
('R0012','A02'),
('R0012','A03'),
('R0013','A02'),
('R0013','A03'),
('R0014','A01'),
('R0014','A02'),
('R0014','A05'),
('R0014','A10'),
('R0014','A07'),
('R0015','A01'),
('R0015','A02'),
('R0015','A05'),
('R0015','A03'),
('R0015','A04'),
('R0015','A07'),
('R0017','A08'),
('R0017','A01'),
('R0017','A03'),
('R0017','A04'),
('R0017','A11'),
('R0017','A10'),
('R0017','A02'),
('R0017','A13'),
('R0018','A02'),
('R0018','A03'),
('R0018','A06'),
('R0019','A01'),
('R0019','A02'),
('R0020','A07'),
('R0020','A01'),
('R0020','A02'),
('R0020','A03'),
('R0021','A08'),
('R0021','A01'),
('R0021','A02'),
('R0021','A11'),
('R0023','A01'),
('R0023','A02'),
('R0024','A06'),
('R0024','A01'),
('R0024','A02'),
('R0024','A03'),
('R0024','A05'),
('R0024','A10'),
('R0024','A07'),
('R0024','A09'),
('R0025','A11'),
('R0025','A01'),
('R0025','A02'),
('R0025','A03'),
('R0026','A11'),
('R0026','A01'),
('R0026','A02'),
('R0026','A03'),
('R0027','A06'),
('R0027','A01'),
('R0027','A02'),
('R0028','A06'),
('R0028','A01'),
('R0028','A02'),
('R0029','A06'),
('R0029','A01'),
('R0029','A02'),
('R0030','A01'),
('R0030','A02'),
('R0030','A03'),
('R0031','A07'),
('R0031','A06'),
('R0031','A01'),
('R0031','A02'),
('R0031','A03'),
('R0001','A09'),
('R0002','A09'),
('R0003','A09'),
('R0004','A09'),
('R0005','A09'),
('R0006','A09'),
('R0007','A09'),
('R0008','A09'),
('R0009','A09'),
('R0010','A09'),
('R0012','A09'),
('R0013','A09'),
('R0014','A09'),
('R0015','A09'),
('R0017','A09'),
('R0018','A09'),
('R0019','A09'),
('R0020','A09'),
('R0021','A09'),
('R0023','A09'),
('R0025','A09'),
('R0026','A09'),
('R0027','A09'),
('R0028','A09'),
('R0029','A09'),
('R0030','A09'),
('R0031','A09')




INSERT INTO [CPAnalytica.Serve] VALUES
('R0001','C009','F0160','1.99'),
('R0001','C009','F0161','3.99'),
('R0001','C009','F0141','5.99'),
('R0001','C009','F0137','7.99'),
('R0001','C009','F0048','1.99'),
('R0007','C004','F0004','11.35'),
('R0007','C004','F0113','11.35'),
('R0007','C004','F0176','11.35'),
('R0007','C004','F0093','6.95'),
('R0007','C004','F0096','11.35'),
('R0009','C007','F0129','1.99'),
('R0009','C007','F0076','5.99'),
('R0009','C007','F0034','8.99'),
('R0009','C007','F0043','11.99'),
('R0009','C007','F0078','7.99'),
('R0009','C007','F0055','8.99'),
('R0009','C007','F0177','7.99'),
('R0009','C007','F0163','3.25'),
('R0009','C007','F0022','8.99'),
('R0009','C007','F0066','15.99'),
('R0009','C007','F0119','17.99'),
('R0012','C008','F0038','12.49'),
('R0012','C008','F0114','14.89'),
('R0012','C008','F0027','10.29'),
('R0012','C008','F0122','10.69'),
('R0012','C008','F0123','2.89'),
('R0012','C008','F0052','2.89'),
('R0012','C008','F0124','10.89'),
('R0017','C001','F0057','3.99'),
('R0017','C001','F0156','3.99'),
('R0017','C001','F0175','3.99'),
('R0017','C001','F0014','3.99'),
('R0017','C001','F0091','6.99'),
('R0018','C003','F0107','11.99'),
('R0018','C003','F0046','15.38'),
('R0018','C003','F0157','15.38'),
('R0018','C003','F0051','15.38'),
('R0018','C003','F0012','15.38'),
('R0018','C003','F0026','15.38'),
('R0018','C003','F0112','15.38'),
('R0018','C003','F0128','39.99'),
('R0019','C003','F0046','6.49'),
('R0019','C003','F0157','6.49'),
('R0019','C003','F0107','7.49'),
('R0019','C003','F0135','7.49'),
('R0019','C003','F0067','7.49'),
('R0019','C003','F0171','6.49'),
('R0019','C003','F0045','6.49'),
('R0019','C003','F0049','6.49'),
('R0024','C004','F0113','18'),
('R0024','C004','F0176','22'),
('R0024','C004','F0093','18'),
('R0024','C004','F0089','21'),
('R0024','C004','F0017','9'),
('R0024','C004','F0133','11'),
('R0024','C004','F0101','12'),
('R0024','C004','F0099','11'),
('R0024','C004','F0145','12'),
('R0024','C004','F0016','12'),
('R0024','C004','F0001','12'),
('R0011','C004','F0039','5.76'),
('R0011','C004','F0169','5.76'),
('R0011','C004','F0097','5.76'),
('R0011','C004','F0098','5.76'),
('R0011','C001','F0092','6.99'),
('R0011','C001','F0015','5.99'),
('R0011','C001','F0002','3.99'),
('R0004','C001','F0152','7.25'),
('R0004','C001','F0071','2.75'),
('R0004','C001','F0105','3.75'),
('R0004','C001','F0125','2.75'),
('R0004','C001','F0024','7.5'),
('R0004','C001','F0006','8.5'),
('R0004','C001','F0079','6.25'),
('R0004','C001','F0025','9.95'),
('R0004','C001','F0065','14.95'),
('R0004','C001','F0132','13.95'),
('R0005','C001','F0041','8.99'),
('R0005','C001','F0105','5.99'),
('R0005','C001','F0071','4.99'),
('R0005','C001','F0036','7.99'),
('R0005','C001','F0053','15.99'),
('R0005','C001','F0024','11.99'),
('R0005','C001','F0069','12.99'),
('R0005','C001','F0092','13.99'),
('R0005','C001','F0083','4.99'),
('R0005','C001','F0054','13.99'),
('R0010','C001','F0110','11.19'),
('R0010','C001','F0015','9.69'),
('R0010','C001','F0044','9.99'),
('R0010','C001','F0006','11.69'),
('R0010','C001','F0060','7.89'),
('R0010','C001','F0144','13.29'),
('R0010','C001','F0132','16.99'),
('R0010','C001','F0024','11.29'),
('R0010','C001','F0069','12.99'),
('R0010','C001','F0071','2.99'),
('R0010','C001','F0041','10.99'),
('R0026','C001','F0036','9.95'),
('R0026','C001','F0023','12.5'),
('R0026','C001','F0013','10.95'),
('R0026','C001','F0056','11.5'),
('R0026','C001','F0165','10.25'),
('R0026','C001','F0020','7.75'),
('R0026','C001','F0080','10.5'),
('R0027','C001','F0110','9.79'),
('R0027','C001','F0033','3.99'),
('R0027','C001','F0179','9.69'),
('R0027','C001','F0003','1.89'),
('R0027','C001','F0064','9.39'),
('R0027','C001','F0029','11.59'),
('R0027','C001','F0006','11.49'),
('R0027','C001','F0024','11.49'),
('R0027','C001','F0071','2.99'),
('R0013','C001','F0041','9'),
('R0013','C001','F0105','4'),
('R0013','C001','F0092','9.5'),
('R0013','C001','F0069','10'),
('R0013','C001','F0006','10'),
('R0013','C001','F0024','11.25'),
('R0013','C001','F0021','9'),
('R0013','C001','F0018','9'),
('R0013','C007','F0103','10.25'),
('R0013','C007','F0034','9'),
('R0014','C001','F0127','12.5'),
('R0014','C001','F0030','9.5'),
('R0014','C001','F0070','10.5'),
('R0014','C001','F0053','9.95'),
('R0014','C001','F0071','4.5'),
('R0014','C007','F0034','7.95'),
('R0014','C007','F0103','10'),
('R0014','C004','F0101','8.25'),
('R0014','C004','F0113','7.95'),
('R0014','C004','F0136','7.95'),
('R0014','C004','F0093','7.95'),
('R0015','C001','F0041','18.49'),
('R0015','C001','F0024','13.79'),
('R0015','C001','F0036','12.49'),
('R0015','C001','F0042','12.49'),
('R0015','C001','F0125','4.99'),
('R0015','C001','F0153','13.49'),
('R0015','C007','F0034','10.29'),
('R0015','C007','F0103','11.79'),
('R0015','C007','F0076','1.99'),
('R0015','C004','F0101','8.99'),
('R0015','C004','F0004','12.99'),
('R0021','C001','F0024','1.19'),
('R0021','C001','F0071','1.89'),
('R0021','C001','F0029','1.39'),
('R0021','C001','F0033','6'),
('R0021','C001','F0068','4.69'),
('R0021','C001','F0125','1.99'),
('R0021','C001','F0036','5.69'),
('R0021','C001','F0063','1.19'),
('R0021','C001','F0081','1.09'),
('R0021','C001','F0110','4.99'),
('R0021','C001','F0130','5.19'),
('R0008','C001','F0071','2.99'),
('R0008','C004','F0173','7.75'),
('R0008','C004','F0097','7.95'),
('R0008','C004','F0169','7.95'),
('R0008','C004','F0113','8.4'),
('R0008','C004','F0176','8.4'),
('R0008','C004','F0093','8.4'),
('R0008','C006','F0146','4.95'),
('R0008','C006','F0170','4.95'),
('R0008','C006','F0095','7.75'),
('R0008','C006','F0172','7.75'),
('R0023','C005','F0086','7.15'),
('R0023','C001','F0092','7.45'),
('R0023','C001','F0036','7.15'),
('R0023','C001','F0151','7.7'),
('R0023','C001','F0019','7.15'),
('R0023','C001','F0031','7.45'),
('R0023','C002','F0148','7.7'),
('R0023','C002','F0009','7.45'),
('R0002','C002','F0032','11.5'),
('R0002','C002','F0009','11.5'),
('R0002','C002','F0062','5.75'),
('R0002','C002','F0168','11.5'),
('R0002','C002','F0040','13.5'),
('R0002','C002','F0011','19.5'),
('R0002','C002','F0050','20.5'),
('R0002','C005','F0159','8.5'),
('R0002','C005','F0138','5.5'),
('R0002','C005','F0162','5.95'),
('R0006','C012','F0115','8.45'),
('R0006','C012','F0116','8.45'),
('R0006','C012','F0117','6.95'),
('R0006','C005','F0118','6.59'),
('R0006','C005','F0159','4.25'),
('R0006','C011','F0108','9.5'),
('R0020','C002','F0059','6.75'),
('R0020','C002','F0139','8.95'),
('R0020','C002','F0150','11.9'),
('R0020','C002','F0178','7.25'),
('R0020','C002','F0061','12.95'),
('R0020','C011','F0109','9.95'),
('R0020','C011','F0164','11.54'),
('R0020','C011','F0037','10.1'),
('R0020','C011','F0111','7.25'),
('R0020','C011','F0108','10.95'),
('R0025','C002','F0166','8.35'),
('R0025','C002','F0028','6.25'),
('R0025','C002','F0008','9.95'),
('R0025','C002','F0147','9.95'),
('R0025','C002','F0005','8.75'),
('R0025','C010','F0058','4.95'),
('R0025','C010','F0073','8.25'),
('R0025','C010','F0121','8.95'),
('R0025','C010','F0143','8.95'),
('R0025','C010','F0149','9.25'),
('R0028','C002','F0047','10'),
('R0028','C002','F0142','5.5'),
('R0028','C002','F0059','5.5'),
('R0028','C002','F0007','8.55'),
('R0028','C002','F0088','13.15'),
('R0028','C002','F0085','10.95'),
('R0028','C005','F0167','8.55'),
('R0028','C005','F0159','5.95'),
('R0028','C005','F0162','8.95'),
('R0028','C005','F0104','9.25'),
('R0029','C002','F0178','7.55'),
('R0029','C002','F0090','11.95'),
('R0029','C002','F0072','11.95'),
('R0029','C002','F0106','13.95'),
('R0029','C002','F0087','13.95'),
('R0029','C002','F0140','13.95'),
('R0029','C005','F0120','18.95'),
('R0029','C005','F0010','12.95'),
('R0029','C005','F0134','12.95'),
('R0029','C005','F0084','12.95'),
('R0030','C002','F0106','4.85'),
('R0030','C002','F0102','4.85'),
('R0030','C002','F0075','4.85'),
('R0030','C002','F0082','6.25'),
('R0030','C002','F0047','3.7'),
('R0030','C002','F0072','3.7'),
('R0030','C002','F0154','3.7'),
('R0030','C002','F0158','3.7'),
('R0030','C002','F0174','2.25'),
('R0030','C002','F0035','2.25'),
('R0031','C002','F0139','6.95'),
('R0031','C002','F0059','5.95'),
('R0031','C002','F0150','4.95'),
('R0031','C002','F0178','5.95'),
('R0031','C002','F0047','4.25'),
('R0031','C002','F0072','10.95'),
('R0031','C002','F0154','8.95'),
('R0031','C011','F0108','10.95'),
('R0031','C011','F0131','10.95'),
('R0031','C011','F0074','10.95'),
('R0031','C011','F0094','10.95'),
('R0007','C001','F0004','11.35'),
('R0007','C001','F0093','6.95'),
('R0007','C001','F0096','11.35'),
('R0007','C001','F0113','11.35'),
('R0007','C001','F0176','11.35'),
('R0008','C001','F0093','8.4'),
('R0008','C001','F0113','8.4'),
('R0008','C001','F0176','8.4'),
('R0014','C001','F0093','7.95'),
('R0014','C001','F0113','7.95'),
('R0015','C001','F0004','12.99'),
('R0024','C001','F0089','21'),
('R0024','C001','F0093','18'),
('R0024','C001','F0113','18'),
('R0024','C001','F0176','22'),
('R0004','C004','F0152','7.25'),
('R0008','C001','F0097','7.95'),
('R0008','C001','F0169','7.95'),
('R0008','C001','F0173','7.75'),
('R0011','C001','F0039','5.76'),
('R0011','C001','F0097','5.76'),
('R0011','C001','F0098','5.76'),
('R0011','C001','F0169','5.76'),
('R0013','C001','F0103','10.25'),
('R0014','C001','F0103','10'),
('R0015','C001','F0103','11.79')



